{"stats":{"minecraft:dropped":{"supernatural:gothic_iron_helmet":1,"minecraft:iron_sword":2,"minecraft:acacia_wood":1,"minecraft:birch_planks":4,"minecraft:lapis_lazuli":2,"minecraft:oak_log":2,"minecraft:glow_ink_sac":5,"minecraft:glass_bottle":1,"minecraft:diamond":15,"minecraft:crafting_table":1,"irons_spellbooks:fireward_ring":1,"minecraft:crossbow":1,"biomesoplenty:mahogany_planks":2,"minecraft:leather":3,"minecraft:cracked_stone_bricks":2,"minecraft:saddle":1,"nethersdelight:hoglin_loin":45,"minecraft:leather_helmet":2,"paraglider:spirit_orb":160,"minecraft:emerald":4,"minecraft:dirt":66,"ribbits:red_toadstool":2,"irons_spellbooks:hogskin":20,"minecraft:mutton":3,"ironjetpacks:jetpack":2,"minecraft:gold_nugget":7,"minecraft:amethyst_shard":33,"minecraft:phantom_membrane":1,"ribbits:toadstool":1,"minecraft:sugar":7,"minecraft:iron_pickaxe":2,"supernatural:animal_blood":1,"minecraft:fermented_spider_eye":7,"minecraft:birch_log":67,"minecraft:fishing_rod":1,"minecraft:black_stained_glass":1,"minecraft:gold_ingot":12,"minecraft:bone":40,"minecraft:gravel":1,"biomesoplenty:toadstool":1,"minecraft:cobbled_deepslate":12,"biomesoplenty:yellow_autumn_sapling":23,"minecraft:wheat":2,"minecraft:rotten_flesh":54,"rftoolsbase:dimensionalshard":5,"irons_spellbooks:inscription_table":2,"minecraft:blue_stained_glass":1,"minecraft:tipped_arrow":1,"minecraft:mangrove_log":23,"ribbits:umbrella_leaf":2,"minecraft:chainmail_boots":1,"minecraft:ladder":1,"minecraft:leather_leggings":2,"comforts:sleeping_bag_white":2,"minecraft:iron_bars":4,"minecraft:arrow":6,"minecraft:scaffolding":6,"irons_spellbooks:poisonward_ring":1,"minecraft:iron_ingot":14,"minecraft:stone_hoe":1,"biomesoplenty:mahogany_log":5,"minecraft:bread":23,"minecraft:wheat_seeds":45,"nethersdelight:iron_machete":1,"supernatural:vampire_dust":4,"minecraft:cobblestone":14,"minecraft:apple":2,"minecraft:granite":2,"minecraft:tropical_fish":11,"minecraft:coal":47,"minecraft:stick":36,"minecraft:diamond_horse_armor":1,"minecraft:cobweb":13,"mca:book_romance":1,"minecraft:diorite":4,"minecraft:torch":43,"choups_drakvyrn_mod:intact_geode":1,"ironjetpacks:basic_coil":11,"minecraft:potion":3,"minecraft:iron_leggings":2,"minecraft:iron_axe":2,"ironjetpacks:strap":1,"minecraft:chainmail_leggings":1,"minecraft:paper":1,"minecraft:string":3,"minecraft:smooth_sandstone":3,"minecraft:bucket":5,"create:raw_zinc":30,"minecraft:redstone":75,"supernatural:gothic_template":1,"minecraft:moss_carpet":1,"alexsmobs:maggot":2,"sophisticatedbackpacks:feeding_upgrade":1,"minecraft:nether_wart":3,"minecraft:stone_sword":2,"minecraft:deepslate":13,"minecraft:smoker":1,"minecraft:iron_boots":2,"sophisticatedbackpacks:backpack":2,"minecraft:name_tag":1,"minecraft:light_gray_concrete":2,"minecraft:stripped_acacia_wood":2,"crittersandcompanions:silk":6,"minecraft:filled_map":1,"minecraft:diamond_sword":3,"minecraft:hay_block":5,"minecraft:stone":10,"minecraft:shield":4,"biomesoplenty:fir_planks":4,"minecraft:diamond_chestplate":1,"minecraft:diamond_pickaxe":1,"minecraft:redstone_torch":1,"minecraft:slime_ball":4,"minecraft:sandstone":2,"minecraft:bow":2,"minecraft:stone_pickaxe":3,"minecraft:wooden_pickaxe":1,"minecraft:nautilus_shell":1,"ribbits:swamp_daisy":5,"rftoolspower:coalgenerator":1},"minecraft:killed":{"minecraft:cave_spider":3,"minecraft:witch":1,"minecraft:spider":11,"creeperoverhaul:bamboo_creeper":1,"minecraft:skeleton":44,"irons_spellbooks:summoned_skeleton":4,"alexsmobs:anteater":1,"minecraft:zombie_villager":2,"irons_spellbooks:necromancer":3,"minecraft:sheep":1,"minecraft:pillager":15,"minecraft:zombie":89,"ribbits:ribbit":1,"minecraft:stray":5,"alexsmobs:fly":1,"supernatural:angel":2,"alexsmobs:komodo_dragon":1,"minecraft:cow":7,"supernatural:vampire":4,"irons_spellbooks:summoned_zombie":10,"mca:male_zombie_villager":1,"minecraft:vindicator":1,"choups_drakvyrn_mod:drave":1,"minecraft:slime":7,"naturalist:tortoise":1,"minecraft:phantom":2,"alexsmobs:skunk":1,"minecraft:hoglin":27,"alexsmobs:catfish":5,"minecraft:wither_skeleton":29},"minecraft:crafted":{"minecraft:smooth_stone":3,"minecraft:oak_planks":80,"sophisticatedbackpacks:crafting_upgrade":1,"nethersdelight:hoglin_sirloin":38,"minecraft:iron_boots":1,"minecraft:chest":6,"alexsmobs:cooked_catfish":15,"minecraft:smoker":1,"rftoolspower:coalgenerator":3,"ironjetpacks:jetpack":3,"sophisticatedbackpacks:backpack":2,"sophisticatedbackpacks:battery_upgrade":1,"minecraft:cooked_porkchop":3,"minecraft:crafting_table":7,"minecraft:wooden_pickaxe":1,"minecraft:iron_helmet":1,"sophisticatedbackpacks:advanced_feeding_upgrade":1,"minecraft:copper_ingot":64,"sophisticatedbackpacks:feeding_upgrade":2,"minecraft:birch_planks":106,"sophisticatedbackpacks:upgrade_base":5,"biomesoplenty:fir_planks":40,"ironjetpacks:capacitor":3,"minecraft:iron_chestplate":1,"minecraft:purple_dye":2,"minecraft:shield":1,"sophisticatedbackpacks:diamond_backpack":3,"minecraft:stick":196,"minecraft:iron_ingot":311,"minecraft:iron_pickaxe":1,"minecraft:stone_sword":1,"minecraft:gold_ingot":18,"minecraft:redstone_torch":7,"sophisticatedbackpacks:deposit_upgrade":1,"minecraft:redstone":81,"minecraft:coal":99,"rftoolsbase:machine_frame":3,"minecraft:iron_nugget":9,"biomesoplenty:mahogany_planks":64,"comforts:sleeping_bag_white":1,"minecraft:furnace":9,"minecraft:blast_furnace":1,"minecraft:piston":1,"ironjetpacks:basic_coil":33,"minecraft:bone_meal":30,"minecraft:leather":1,"minecraft:iron_axe":2,"minecraft:ladder":3,"ironjetpacks:strap":2,"minecraft:stone_pickaxe":1,"comforts:sleeping_bag_blue":1,"minecraft:redstone_block":4,"ironjetpacks:thruster":6,"sophisticatedbackpacks:iron_backpack":2,"minecraft:wheat":243,"minecraft:cooked_beef":12,"minecraft:red_dye":1,"minecraft:cooked_cod":11,"minecraft:diamond_sword":2,"minecraft:iron_sword":3,"minecraft:cooked_salmon":46,"sophisticatedbackpacks:gold_backpack":3,"minecraft:mangrove_planks":8,"minecraft:bucket":2,"minecraft:bread":90,"minecraft:air":0,"minecraft:blue_dye":8,"ironjetpacks:cell":10,"minecraft:gold_nugget":18,"minecraft:iron_leggings":2,"minecraft:torch":568},"minecraft:broken":{"minecraft:iron_boots":2,"minecraft:iron_leggings":2,"minecraft:iron_sword":1,"minecraft:diamond_chestplate":1,"minecraft:iron_axe":1},"minecraft:killed_by":{"mutantmonsters:mutant_zombie":4,"minecraft:wither_skeleton":12,"minecraft:pillager":2,"minecraft:vindicator":9,"minecraft:witch":2,"minecraft:zombie":7,"alexsmobs:komodo_dragon":1,"minecraft:player":2,"minecraft:stray":6,"irons_spellbooks:necromancer":7,"minecraft:hoglin":5,"mutantmonsters:mutant_skeleton":4,"minecraft:skeleton":4,"irons_spellbooks:apothecarist":3},"minecraft:used":{"minecraft:moss_block":4,"minecraft:blue_terracotta":3,"minecraft:iron_shovel":62,"minecraft:ladder":5,"minecraft:chest":2,"rftoolspower:coalgenerator":31,"minecraft:shield":151,"minecraft:stone":6,"minecraft:iron_sword":464,"minecraft:rotten_flesh":22,"minecraft:iron_chestplate":1,"minecraft:carrot":77,"minecraft:lava_bucket":4,"minecraft:coal_ore":34,"minecraft:deepslate_copper_ore":34,"minecraft:red_carpet":1,"minecraft:sweet_berries":17,"minecraft:furnace":3,"minecraft:cooked_cod":11,"minecraft:gray_bed":1,"minecraft:damaged_anvil":2,"minecraft:oak_planks":53,"minecraft:stone_pickaxe":92,"minecraft:wooden_pickaxe":4,"biomesoplenty:fir_planks":33,"minecraft:blue_bed":6,"minecraft:golden_apple":5,"minecraft:white_wool":2,"minecraft:blast_furnace":1,"minecraft:deepslate_redstone_ore":33,"comforts:sleeping_bag_blue":40,"minecraft:redstone_torch":1,"minecraft:deepslate_iron_ore":96,"minecraft:bread":79,"minecraft:deepslate":2,"nethersdelight:hoglin_sirloin":41,"minecraft:diamond_sword":773,"minecraft:cooked_rabbit":2,"minecraft:azalea":1,"minecraft:coarse_dirt":1,"minecraft:cobweb":2,"minecraft:purple_wool":6,"minecraft:bone_meal":27,"ribbits:swamp_lantern":1,"miners_delight:gossypium":1,"supernatural:angel_statue":1,"biomesoplenty:mahogany_planks":57,"minecraft:stone_sword":17,"minecraft:tropical_fish":14,"minecraft:redstone":1,"minecraft:cooked_salmon":53,"minecraft:stone_hoe":27,"minecraft:dirt":59,"minecraft:torch":611,"rftoolsbase:dimensionalshard_overworld":1,"minecraft:spruce_fence":1,"farmersdelight:rope":14,"minecraft:flowering_azalea":1,"minecraft:iron_axe":441,"minecraft:iron_boots":1,"minecraft:bamboo":1,"comforts:sleeping_bag_white":7,"minecraft:cooked_beef":31,"naturalist:bass":1,"minecraft:iron_leggings":2,"sophisticatedbackpacks:gold_backpack":1,"minecraft:cooked_mutton":6,"alexsmobs:cooked_catfish":15,"minecraft:wheat_seeds":55,"minecraft:water_bucket":21,"minecraft:iron_ore":29,"minecraft:birch_planks":15,"minecraft:salmon":9,"farmersdelight:onion":3,"minecraft:lime_bed":2,"minecraft:crafting_table":6,"minecraft:cod":4,"minecraft:smoker":3,"minecraft:diamond_pickaxe":817,"minecraft:mud":3,"minecraft:oak_log":1,"minecraft:apple":1,"minecraft:iron_pickaxe":539,"minecraft:map":1,"minecraft:cobblestone":63,"minecraft:potion":6,"minecraft:bucket":27,"minecraft:cooked_porkchop":3,"minecraft:pumpkin_pie":31,"alexsmobs:animal_dictionary":1,"minecraft:splash_potion":1},"minecraft:picked_up":{"minecraft:iron_chestplate":2,"minecraft:wheat":46,"minecraft:redstone_block":9,"choups_drakvyrn_mod:intact_geode":2,"minecraft:diamond_sword":3,"minecraft:potion":6,"minecraft:brewing_stand":3,"minecraft:string":12,"minecraft:raw_copper":320,"biomesoplenty:yellow_autumn_sapling":30,"minecraft:iron_leggings":1,"irons_spellbooks:arcane_essence":4,"comforts:sleeping_bag_white":9,"minecraft:cobbled_deepslate":23,"biomesoplenty:fir_planks":14,"minecraft:bucket":4,"minecraft:spruce_planks":17,"minecraft:rose_bush":1,"minecraft:redstone_torch":1,"minecraft:iron_pickaxe":4,"minecraft:azalea":1,"nethersdelight:hoglin_sirloin":9,"minecraft:smooth_quartz":1,"minecraft:coal_block":11,"minecraft:mangrove_log":37,"irons_spellbooks:inscription_table":2,"minecraft:deepslate_iron_ore":96,"minecraft:furnace":3,"minecraft:tipped_arrow":2,"minecraft:stick":18,"minecraft:beehive":4,"ribbits:toadstool":11,"ribbits:swamp_daisy":6,"minecraft:torch":58,"minecraft:porkchop":4,"choups_drakvyrn_mod:crystal_powder":4,"minecraft:diorite":4,"minecraft:cauldron":1,"minecraft:blue_stained_glass":1,"minecraft:quartz_block":8,"minecraft:stone_sword":3,"minecraft:rotten_flesh":76,"minecraft:glowstone":1,"farmersdelight:rope":1,"minecraft:bookshelf":21,"minecraft:deepslate_copper_ore":34,"minecraft:iron_bars":11,"minecraft:blaze_powder":2,"minecraft:cobblestone":155,"minecraft:nautilus_shell":1,"minecraft:birch_log":98,"minecraft:cooked_beef":7,"minecraft:iron_door":1,"minecraft:smoker":7,"biomesoplenty:fir_sapling":5,"biomesoplenty:fir_log":86,"paraglider:spirit_orb":184,"minecraft:tuff":3,"create:raw_zinc":30,"supernatural:vampire_dust":4,"minecraft:lapis_lazuli":33,"minecraft:dirt":148,"minecraft:name_tag":1,"irons_spellbooks:hogskin":37,"minecraft:bone":149,"minecraft:bow":3,"minecraft:wheat_seeds":111,"minecraft:raw_gold":8,"minecraft:mossy_stone_bricks":2,"minecraft:bamboo":1,"minecraft:moss_block":5,"minecraft:oak_planks":32,"minecraft:stone_hoe":1,"biomesoplenty:mahogany_planks":3,"minecraft:mossy_stone_brick_stairs":2,"biomesoplenty:toadstool":2,"minecraft:black_terracotta":1,"miners_delight:gossypium":1,"irons_spellbooks:frozen_bone":7,"minecraft:stripped_acacia_wood":6,"minecraft:mossy_cobblestone":3,"minecraft:light_gray_concrete":6,"minecraft:blue_terracotta":16,"minecraft:sugar":7,"minecraft:yellow_carpet":1,"minecraft:deepslate":26,"comforts:sleeping_bag_blue":41,"minecraft:diamond":1,"minecraft:deepslate_gold_ore":24,"minecraft:granite":2,"minecraft:chainmail_helmet":2,"minecraft:emerald":11,"minecraft:rooted_dirt":1,"alexsmobs:maggot":4,"minecraft:oak_sapling":1,"minecraft:charcoal":27,"minecraft:diamond_pickaxe":2,"minecraft:fishing_rod":1,"nethersdelight:hoglin_loin":136,"sophisticatedbackpacks:gold_backpack":1,"minecraft:mud":3,"minecraft:coarse_dirt":1,"minecraft:purple_wool":15,"minecraft:ladder":3,"minecraft:leather_leggings":2,"minecraft:wooden_pickaxe":1,"minecraft:gold_block":2,"minecraft:shield":5,"ribbits:toadstool_stem":1,"minecraft:cornflower":1,"minecraft:moss_carpet":1,"minecraft:iron_axe":2,"minecraft:iron_shovel":1,"minecraft:cracked_stone_bricks":5,"minecraft:beef":21,"minecraft:player_head":1,"minecraft:iron_nugget":30,"minecraft:poppy":1,"minecraft:spruce_slab":2,"minecraft:phantom_membrane":1,"minecraft:black_stained_glass":1,"minecraft:raw_iron":309,"minecraft:sandstone":2,"minecraft:stone":47,"minecraft:oak_door":1,"minecraft:spruce_fence":1,"sophisticatedbackpacks:backpack":6,"minecraft:redstone":196,"irons_spellbooks:alchemist_cauldron":3,"ironjetpacks:jetpack":1,"minecraft:arrow":46,"minecraft:diamond_chestplate":2,"ribbits:swamp_lantern":13,"crittersandcompanions:silk":6,"minecraft:hay_block":37,"ribbits:red_toadstool":2,"minecraft:glow_berries":6,"minecraft:mutton":11,"minecraft:white_wool":2,"minecraft:stripped_oak_log":2,"minecraft:lime_bed":2,"minecraft:glow_ink_sac":14,"rftoolspower:coalgenerator":29,"minecraft:leather":50,"minecraft:red_mushroom":1,"minecraft:acacia_wood":1,"minecraft:birch_planks":50,"supernatural:angel_statue":2,"minecraft:oak_log":13,"minecraft:gunpowder":1,"minecraft:wooden_hoe":1,"minecraft:blue_bed":6,"minecraft:cooked_mutton":6,"naturalist:bass":1,"minecraft:smooth_sandstone":3,"minecraft:red_carpet":5,"rftoolsbase:dimensionalshard":5,"minecraft:apple":1,"minecraft:stone_bricks":3,"rftoolsbase:dimensionalshard_overworld":1,"minecraft:rabbit_hide":4,"minecraft:iron_ingot":3,"minecraft:stone_pickaxe":1,"minecraft:iron_ore":34,"biomesoplenty:magic_log":9,"minecraft:gray_bed":1,"minecraft:iron_sword":4,"minecraft:flowering_azalea":1,"minecraft:dark_oak_slab":2,"minecraft:sweet_berries":17,"minecraft:red_wool":2,"minecraft:dandelion":1,"minecraft:gravel":1,"minecraft:amethyst_shard":1,"minecraft:blast_furnace":4,"minecraft:crying_obsidian":1,"minecraft:leather_helmet":3,"irons_spellbooks:poisonward_ring":1,"alexsmobs:raw_catfish":15,"minecraft:oak_wood":8,"biomesoplenty:mahogany_log":21,"minecraft:diamond_shovel":2,"minecraft:coal_ore":70,"minecraft:slime_ball":5,"minecraft:deepslate_redstone_ore":49,"minecraft:mossy_cobblestone_stairs":1,"ribbits:umbrella_leaf":2,"minecraft:acacia_slab":2,"minecraft:damaged_anvil":5,"minecraft:coal":344},"minecraft:custom":{"minecraft:animals_bred":9,"minecraft:interact_with_crafting_table":115,"minecraft:open_barrel":224,"minecraft:eat_cake_slice":6,"minecraft:leave_game":12,"minecraft:time_since_death":126513,"minecraft:sprint_one_cm":1928040,"minecraft:damage_blocked_by_shield":6950,"minecraft:drop":292,"minecraft:play_time":1134966,"minecraft:deaths":84,"minecraft:jump":13467,"minecraft:interact_with_brewingstand":2,"minecraft:walk_on_water_one_cm":137378,"minecraft:interact_with_furnace":60,"minecraft:interact_with_cartography_table":1,"minecraft:sleep_in_bed":65,"minecraft:damage_dealt":61784,"minecraft:crouch_one_cm":75636,"minecraft:interact_with_smoker":32,"minecraft:inspect_dispenser":8,"minecraft:interact_with_anvil":5,"minecraft:mob_kills":299,"minecraft:climb_one_cm":56856,"minecraft:walk_one_cm":2130197,"minecraft:damage_dealt_absorbed":102,"minecraft:sneak_time":25151,"minecraft:walk_under_water_one_cm":102193,"minecraft:interact_with_blast_furnace":31,"minecraft:total_world_time":1134966,"minecraft:tune_noteblock":3,"minecraft:time_since_rest":84949,"minecraft:damage_absorbed":171,"minecraft:damage_taken":41352,"minecraft:swim_one_cm":13488,"minecraft:fly_one_cm":6595130,"minecraft:open_chest":415,"minecraft:fall_one_cm":428028},"minecraft:mined":{"miners_delight:wild_cave_carrots":1,"create:deepslate_zinc_ore":10,"minecraft:spruce_planks":18,"minecraft:black_terracotta":2,"irons_spellbooks:armor_pile":1,"sophisticatedbackpacks:gold_backpack":1,"minecraft:red_nether_bricks":4,"minecraft:brewing_stand":3,"minecraft:cave_vines_plant":1,"minecraft:granite":5,"minecraft:grass_block":109,"minecraft:yellow_carpet":1,"minecraft:coal_block":12,"comforts:sleeping_bag_blue":2,"minecraft:spawner":94,"minecraft:glowstone":1,"minecraft:mossy_cobblestone_stairs":2,"minecraft:iron_ore":78,"minecraft:fire":1,"minecraft:moss_carpet":5,"minecraft:pumpkin":4,"minecraft:deepslate_lapis_ore":4,"minecraft:water_cauldron":1,"minecraft:dirt_path":1,"minecraft:iron_bars":24,"minecraft:light_gray_concrete":6,"minecraft:azalea":1,"minecraft:player_head":1,"minecraft:spruce_slab":1,"minecraft:deepslate_redstone_ore":83,"minecraft:gray_terracotta":5,"minecraft:quartz_block":14,"biomesoplenty:glowing_moss_carpet":1,"minecraft:smoker":6,"irons_spellbooks:alchemist_cauldron":3,"ribbits:swamp_daisy":6,"minecraft:blue_stained_glass":1,"minecraft:chiseled_quartz_block":3,"minecraft:torch":3,"minecraft:blast_furnace":4,"minecraft:calcite":1,"minecraft:poppy":1,"minecraft:cobblestone":9,"ribbits:red_toadstool":2,"minecraft:damaged_anvil":5,"minecraft:oak_planks":16,"minecraft:iron_door":1,"minecraft:wall_torch":6,"minecraft:deepslate_copper_ore":70,"rftoolsbase:dimensionalshard_overworld":2,"minecraft:seagrass":1,"minecraft:blue_terracotta":16,"minecraft:dark_oak_slab":1,"minecraft:mud":9,"ribbits:toadstool_stem":1,"minecraft:birch_log":100,"minecraft:wheat":29,"biomesoplenty:fir_log":106,"minecraft:stone_brick_stairs":4,"minecraft:grass":148,"minecraft:oak_log":11,"minecraft:dirt":91,"minecraft:smooth_quartz":2,"minecraft:sandstone_wall":1,"minecraft:mangrove_log":62,"minecraft:smooth_basalt":1,"minecraft:oak_leaves":4,"minecraft:deepslate":49,"minecraft:crying_obsidian":1,"minecraft:tuff":7,"minecraft:red_carpet":10,"biomesoplenty:watergrass":6,"minecraft:mossy_cobblestone":6,"minecraft:deepslate_diamond_ore":1,"minecraft:nether_bricks":11,"minecraft:ladder":1,"biomesoplenty:bush":2,"minecraft:spruce_fence":1,"minecraft:jungle_planks":2,"minecraft:redstone_wire":2,"ribbits:toadstool":10,"ribbits:umbrella_leaf":2,"minecraft:acacia_slab":2,"minecraft:moss_block":10,"minecraft:cartography_table":1,"minecraft:sandstone":2,"minecraft:rooted_dirt":1,"minecraft:hay_block":35,"minecraft:furnace":2,"biomesoplenty:toadstool":2,"minecraft:acacia_wood":1,"minecraft:andesite":2,"rftoolspower:coalgenerator":29,"minecraft:gold_block":2,"biomesoplenty:magic_log":9,"minecraft:mossy_stone_brick_stairs":3,"minecraft:bookshelf":21,"farmersdelight:rope":1,"minecraft:deepslate_iron_ore":223,"minecraft:vine":15,"minecraft:stripped_oak_log":2,"irons_spellbooks:firefly_jar":2,"irons_spellbooks:inscription_table":1,"minecraft:stone":207,"minecraft:white_wool":2,"minecraft:pink_terracotta":4,"minecraft:podzol":1,"minecraft:light_gray_carpet":3,"minecraft:acacia_leaves":3,"minecraft:redstone_block":10,"minecraft:flowering_azalea":1,"minecraft:red_wool":2,"minecraft:hanging_roots":1,"minecraft:soul_sand":1,"minecraft:dandelion":1,"minecraft:smooth_sandstone":3,"minecraft:cornflower":1,"minecraft:emerald_ore":4,"minecraft:oak_wood":18,"biomesoplenty:mahogany_planks":1,"ribbits:swamp_lantern":13,"minecraft:tall_grass":26,"biomesoplenty:sprout":5,"minecraft:deepslate_gold_ore":32,"minecraft:diorite":7,"minecraft:blue_bed":7,"minecraft:purple_wool":17,"minecraft:birch_planks":9,"minecraft:black_stained_glass":1,"minecraft:lime_bed":2,"minecraft:coarse_dirt":1,"minecraft:beehive":4,"biomesoplenty:mahogany_log":22,"biomesoplenty:yellow_autumn_leaves":1,"minecraft:redstone_torch":1,"minecraft:sweet_berry_bush":8,"minecraft:gray_bed":1,"minecraft:birch_leaves":1,"minecraft:mangrove_planks":1,"minecraft:mangrove_leaves":1,"minecraft:bee_nest":1,"minecraft:yellow_bed":1,"minecraft:mangrove_slab":1,"minecraft:coal_ore":125,"biomesoplenty:fir_leaves":2,"minecraft:gravel":3,"minecraft:dripstone_block":2,"minecraft:cobweb":4,"minecraft:cracked_stone_bricks":7,"minecraft:polished_andesite":2,"minecraft:stripped_acacia_wood":1,"minecraft:stone_bricks":6,"minecraft:mossy_stone_bricks":3,"minecraft:fern":7}},"DataVersion":3465}