{"stats":{"minecraft:crafted":{"minecraft:smooth_stone":5,"minecraft:oak_planks":20,"minecraft:stone":14,"sophisticatedbackpacks:crafting_upgrade":1,"minecraft:cooked_mutton":8,"immersive_armors:wooden_chestplate":1,"nethersdelight:hoglin_sirloin":29,"minecraft:bow":1,"minecraft:chest":7,"minecraft:birch_door":3,"immersive_armors:wooden_helmet":1,"rftoolspower:coalgenerator":1,"minecraft:wooden_shovel":2,"sophisticatedbackpacks:backpack":1,"ironjetpacks:jetpack":1,"minecraft:cooked_porkchop":23,"minecraft:crafting_table":4,"minecraft:spruce_planks":44,"minecraft:wooden_pickaxe":2,"minecraft:baked_potato":15,"immersive_armors:wooden_leggings":1,"minecraft:copper_ingot":11,"minecraft:birch_planks":624,"sophisticatedbackpacks:upgrade_base":1,"biomesoplenty:fir_planks":108,"immersive_armors:wooden_boots":1,"ironjetpacks:capacitor":1,"minecraft:wooden_hoe":1,"minecraft:shield":3,"minecraft:stick":244,"sophisticatedbackpacks:diamond_backpack":1,"minecraft:iron_ingot":63,"minecraft:iron_pickaxe":2,"minecraft:gold_ingot":2,"minecraft:redstone_torch":4,"minecraft:redstone":36,"rftoolsbase:machine_frame":1,"comforts:sleeping_bag_white":1,"minecraft:furnace":5,"minecraft:blast_furnace":1,"minecraft:bone_meal":99,"minecraft:scaffolding":6,"minecraft:iron_axe":1,"minecraft:stone_pickaxe":3,"minecraft:redstone_block":4,"ironjetpacks:thruster":2,"minecraft:wheat":9,"sophisticatedbackpacks:iron_backpack":1,"minecraft:cooked_beef":28,"minecraft:coal_block":1,"minecraft:cooked_cod":13,"nethersdelight:iron_machete":1,"minecraft:iron_sword":1,"minecraft:cooked_salmon":9,"sophisticatedbackpacks:gold_backpack":1,"minecraft:mangrove_planks":80,"minecraft:bucket":1,"minecraft:stone_axe":2,"minecraft:bread":2,"minecraft:blue_dye":2,"ironjetpacks:cell":5,"minecraft:gold_nugget":1,"minecraft:wooden_axe":3,"minecraft:torch":484},"minecraft:used":{"minecraft:blue_terracotta":2,"rftoolspower:coalgenerator":8,"minecraft:chest":5,"minecraft:shield":142,"minecraft:iron_sword":191,"minecraft:rotten_flesh":23,"ribbits:toadstool":1,"minecraft:carrot":14,"minecraft:tuff":2,"minecraft:music_disc_13":1,"create:scoria":1,"minecraft:stone_brick_stairs":14,"minecraft:stone_bricks":42,"minecraft:redstone_lamp":2,"minecraft:bow":24,"minecraft:furnace":5,"minecraft:cooked_cod":13,"minecraft:potato":7,"immersive_armors:wooden_helmet":1,"alexsmobs:raw_catfish":1,"minecraft:mossy_stone_bricks":28,"minecraft:stone_pickaxe":406,"minecraft:chorus_fruit":13,"minecraft:oak_planks":24,"minecraft:mossy_stone_brick_stairs":6,"minecraft:wooden_pickaxe":106,"biomesoplenty:fir_planks":51,"minecraft:blue_bed":1,"minecraft:white_wool":2,"minecraft:golden_apple":2,"minecraft:chiseled_quartz_block":2,"minecraft:lever":1,"sophisticatedbackpacks:backpack":10,"minecraft:light_gray_concrete":19,"minecraft:bread":7,"biomesoplenty:yellow_autumn_sapling":3,"minecraft:gravel":3,"minecraft:diamond_sword":247,"minecraft:cooked_rabbit":1,"minecraft:andesite":5,"minecraft:birch_log":22,"minecraft:coarse_dirt":5,"minecraft:bone_meal":93,"ribbits:swamp_lantern":2,"supernatural:angel_statue":2,"minecraft:oak_fence":1,"minecraft:stripped_acacia_wood":3,"minecraft:rose_bush":1,"minecraft:iron_bars":6,"minecraft:stripped_birch_wood":3,"minecraft:wooden_shovel":18,"minecraft:cooked_salmon":2,"minecraft:torch":547,"minecraft:dirt":202,"supernatural:gothic_iron_helmet":2,"farmersdelight:rope":2,"minecraft:birch_door":8,"minecraft:mossy_cobblestone_stairs":2,"minecraft:wooden_axe":158,"minecraft:iron_axe":89,"minecraft:iron_boots":2,"minecraft:smooth_quartz":29,"minecraft:bamboo":2,"minecraft:light_gray_wool":5,"minecraft:golden_carrot":6,"minecraft:goat_horn":2,"nethersdelight:iron_machete":88,"comforts:sleeping_bag_white":35,"ribbits:swamp_daisy":1,"minecraft:cooked_beef":13,"minecraft:cobbled_deepslate":25,"minecraft:iron_leggings":1,"minecraft:cooked_mutton":2,"minecraft:wheat_seeds":86,"minecraft:water_bucket":14,"minecraft:cobblestone_stairs":1,"minecraft:birch_planks":309,"minecraft:baked_potato":15,"minecraft:cracked_stone_bricks":39,"minecraft:salmon":6,"farmersdelight:onion":3,"minecraft:mossy_cobblestone":8,"minecraft:lime_bed":3,"minecraft:crafting_table":25,"minecraft:cod":22,"minecraft:mud":4,"minecraft:wooden_hoe":28,"minecraft:acacia_stairs":1,"minecraft:diamond_pickaxe":528,"minecraft:apple":9,"minecraft:iron_pickaxe":245,"minecraft:stone_axe":272,"minecraft:chiseled_stone_bricks":10,"immersive_armors:wooden_boots":1,"minecraft:fishing_rod":5,"minecraft:cobblestone":218,"minecraft:cooked_porkchop":12,"minecraft:bucket":15,"minecraft:yellow_bed":7,"biomesoplenty:fir_log":48,"minecraft:jukebox":1},"minecraft:dropped":{"minecraft:birch_planks":44,"minecraft:cooked_beef":14,"minecraft:baked_potato":5,"minecraft:crafting_table":1,"minecraft:leather":2,"minecraft:red_mushroom":1,"paraglider:spirit_orb":19,"minecraft:dirt":5,"minecraft:gray_concrete":1,"minecraft:mutton":8,"ironjetpacks:jetpack":1,"minecraft:cooked_cod":4,"minecraft:lever":1,"minecraft:iron_nugget":4,"biomesoplenty:yellow_autumn_sapling":14,"minecraft:birch_sapling":10,"minecraft:rotten_flesh":1,"minecraft:cooked_mutton":12,"minecraft:tipped_arrow":2,"minecraft:birch_door":1,"minecraft:chest":2,"minecraft:leather_leggings":1,"minecraft:iron_ingot":2,"minecraft:wheat_seeds":35,"minecraft:lilac":1,"minecraft:cobblestone":6,"minecraft:purple_concrete":2,"minecraft:granite":3,"minecraft:chainmail_helmet":1,"minecraft:coal":1,"minecraft:torch":1,"minecraft:wooden_hoe":3,"minecraft:wooden_axe":1,"minecraft:rose_bush":2,"minecraft:blue_terracotta":4,"minecraft:stone_sword":1,"minecraft:raw_iron":2,"minecraft:iron_boots":1,"sophisticatedbackpacks:backpack":2,"minecraft:stripped_acacia_wood":2,"crittersandcompanions:silk":3,"minecraft:diamond_sword":2,"minecraft:shield":3,"biomesoplenty:fir_planks":10,"minecraft:iron_chestplate":1,"minecraft:spider_eye":6,"minecraft:stone_bricks":49,"minecraft:slime_ball":8,"rftoolspower:coalgenerator":2},"minecraft:broken":{"minecraft:stone_pickaxe":3,"minecraft:stone_axe":2,"minecraft:wooden_axe":2,"minecraft:wooden_pickaxe":1,"minecraft:shield":1,"minecraft:iron_pickaxe":1},"minecraft:custom":{"minecraft:animals_bred":6,"minecraft:interact_with_crafting_table":158,"minecraft:open_barrel":107,"minecraft:bell_ring":3,"minecraft:eat_cake_slice":4,"minecraft:leave_game":13,"minecraft:time_since_death":315626,"minecraft:sprint_one_cm":795622,"minecraft:damage_blocked_by_shield":5420,"minecraft:drop":124,"minecraft:play_time":846086,"minecraft:deaths":29,"minecraft:jump":7094,"minecraft:walk_on_water_one_cm":85190,"minecraft:interact_with_furnace":105,"minecraft:play_record":1,"minecraft:sleep_in_bed":57,"minecraft:damage_dealt":22903,"minecraft:player_kills":2,"minecraft:crouch_one_cm":190007,"minecraft:interact_with_smoker":4,"minecraft:inspect_dispenser":2,"minecraft:mob_kills":139,"minecraft:inspect_hopper":2,"minecraft:damage_dealt_resisted":165,"minecraft:climb_one_cm":44799,"minecraft:walk_one_cm":2739895,"minecraft:damage_dealt_absorbed":62,"minecraft:sneak_time":60911,"minecraft:walk_under_water_one_cm":179259,"minecraft:interact_with_blast_furnace":7,"minecraft:total_world_time":846086,"minecraft:tune_noteblock":3,"minecraft:time_since_rest":12880,"minecraft:damage_taken":16237,"minecraft:damage_absorbed":36,"minecraft:swim_one_cm":157,"minecraft:fly_one_cm":1358235,"minecraft:open_chest":272,"minecraft:fish_caught":1,"minecraft:fall_one_cm":185865},"minecraft:mined":{"minecraft:farmland":1,"minecraft:cobblestone_stairs":1,"minecraft:granite":2,"minecraft:grass_block":84,"minecraft:chiseled_stone_bricks":12,"minecraft:spawner":13,"comforts:sleeping_bag_white":2,"minecraft:mossy_cobblestone_stairs":2,"minecraft:fire":2,"minecraft:iron_ore":59,"minecraft:water_cauldron":1,"minecraft:iron_bars":7,"minecraft:light_gray_concrete":69,"minecraft:blue_orchid":6,"minecraft:spruce_slab":2,"minecraft:tripwire":4,"biomesoplenty:glowworm_silk":1,"ribbits:swamp_daisy":1,"minecraft:chiseled_quartz_block":13,"minecraft:torch":29,"create:scoria":1,"minecraft:cobblestone":23,"minecraft:oak_planks":20,"minecraft:wall_torch":14,"biomesoplenty:huge_lily_pad":1,"minecraft:blue_terracotta":11,"minecraft:mud":4,"minecraft:light_gray_stained_glass":12,"minecraft:birch_log":119,"minecraft:wheat":66,"minecraft:lilac":1,"minecraft:jukebox":1,"biomesoplenty:maple_leaves":2,"minecraft:birch_door":5,"minecraft:light_gray_wool":6,"biomesoplenty:fir_log":193,"minecraft:stone_brick_stairs":13,"minecraft:grass":14,"biomesoplenty:clover":1,"minecraft:oak_log":25,"minecraft:smooth_quartz":56,"minecraft:dirt":136,"minecraft:stripped_birch_wood":4,"minecraft:mangrove_log":33,"minecraft:piston":2,"minecraft:deepslate":36,"minecraft:redstone_lamp":2,"minecraft:tuff":4,"biomesoplenty:watergrass":1,"minecraft:mossy_cobblestone":8,"minecraft:ladder":2,"biomesoplenty:bush":3,"ribbits:toadstool":2,"minecraft:spruce_leaves":6,"minecraft:moss_block":1,"minecraft:hay_block":4,"farmersdelight:wild_onions":3,"minecraft:black_stained_glass_pane":6,"minecraft:furnace":5,"minecraft:acacia_stairs":1,"minecraft:andesite":3,"rftoolspower:coalgenerator":7,"minecraft:mossy_stone_brick_stairs":6,"farmersdelight:rope":2,"minecraft:deepslate_iron_ore":18,"minecraft:vine":5,"crittersandcompanions:silk_cocoon":3,"minecraft:bamboo":7,"minecraft:stone":320,"minecraft:white_wool":1,"minecraft:redstone_block":3,"minecraft:gray_concrete":5,"minecraft:brown_carpet":4,"minecraft:dandelion":1,"minecraft:crafting_table":23,"biomesoplenty:fir_planks":8,"ribbits:swamp_lantern":1,"minecraft:rose_bush":2,"minecraft:copper_ore":3,"minecraft:tall_grass":2,"minecraft:deepslate_gold_ore":2,"biomesoplenty:huge_clover_petal":4,"minecraft:blue_bed":1,"minecraft:purple_wool":4,"minecraft:birch_planks":18,"minecraft:lime_bed":3,"minecraft:sweet_berry_bush":1,"minecraft:spruce_log":12,"minecraft:purple_concrete":3,"minecraft:yellow_bed":6,"minecraft:coal_ore":355,"biomesoplenty:fir_leaves":13,"minecraft:gravel":10,"minecraft:cobweb":5,"minecraft:cracked_stone_bricks":49,"minecraft:stripped_acacia_wood":9,"minecraft:stone_bricks":43,"minecraft:mossy_stone_bricks":30,"minecraft:fern":6},"minecraft:killed_by":{"minecraft:wither_skeleton":9,"minecraft:zombie":1,"alexsmobs:komodo_dragon":1,"minecraft:stray":1,"irons_spellbooks:necromancer":1,"minecraft:hoglin":3,"mutantmonsters:mutant_skeleton":1,"minecraft:skeleton":3,"minecraft:phantom":2},"minecraft:killed":{"minecraft:witch":1,"minecraft:spider":8,"creeperoverhaul:bamboo_creeper":1,"minecraft:skeleton":23,"irons_spellbooks:summoned_skeleton":1,"minecraft:magma_cube":1,"minecraft:pig":8,"irons_spellbooks:necromancer":1,"minecraft:sheep":11,"naturalist:alligator":1,"minecraft:pillager":2,"minecraft:zombie":42,"minecraft:stray":1,"alexsmobs:fly":2,"minecraft:cow":13,"supernatural:vampire":1,"irons_spellbooks:summoned_zombie":6,"minecraft:vindicator":1,"minecraft:slime":2,"minecraft:hoglin":1,"alexsmobs:catfish":1,"minecraft:wither_skeleton":4},"minecraft:picked_up":{"minecraft:birch_door":7,"minecraft:iron_chestplate":2,"minecraft:wheat":57,"minecraft:redstone_block":3,"minecraft:diamond_sword":6,"minecraft:stone_brick_stairs":15,"minecraft:string":26,"minecraft:raw_copper":11,"minecraft:cooked_salmon":14,"biomesoplenty:yellow_autumn_sapling":19,"irons_spellbooks:arcane_essence":3,"minecraft:gold_nugget":7,"minecraft:cobbled_deepslate":38,"biomesoplenty:fir_planks":33,"minecraft:bucket":4,"comforts:sleeping_bag_white":37,"minecraft:spruce_planks":13,"minecraft:rose_bush":3,"minecraft:smooth_quartz":47,"minecraft:iron_pickaxe":1,"minecraft:furnace":8,"minecraft:mangrove_log":65,"minecraft:iron_boots":3,"minecraft:tipped_arrow":2,"minecraft:stick":128,"ribbits:toadstool":1,"ribbits:swamp_daisy":1,"minecraft:jukebox":1,"minecraft:oak_fence":1,"minecraft:torch":251,"minecraft:sandstone_wall":1,"minecraft:porkchop":22,"minecraft:cauldron":1,"minecraft:brown_carpet":4,"minecraft:rotten_flesh":94,"minecraft:tropical_fish":11,"create:scoria":1,"farmersdelight:onion":3,"farmersdelight:rope":2,"minecraft:stripped_birch_wood":4,"minecraft:cod":1,"minecraft:iron_bars":6,"minecraft:cobblestone":356,"minecraft:birch_log":178,"minecraft:cooked_beef":7,"minecraft:lilac":1,"minecraft:repeater":1,"minecraft:andesite":3,"minecraft:chiseled_quartz_block":15,"minecraft:potato":1,"biomesoplenty:fir_sapling":26,"biomesoplenty:fir_log":167,"paraglider:spirit_orb":49,"minecraft:tuff":3,"supernatural:vampire_dust":1,"minecraft:gray_concrete":2,"minecraft:lapis_lazuli":2,"minecraft:dirt":340,"minecraft:lantern":1,"minecraft:name_tag":3,"minecraft:leather_boots":1,"irons_spellbooks:hogskin":38,"minecraft:bone":169,"ironjetpacks:basic_coil":11,"minecraft:bow":2,"minecraft:wheat_seeds":209,"minecraft:raw_gold":2,"minecraft:mossy_stone_bricks":28,"minecraft:bamboo":44,"minecraft:oak_planks":52,"minecraft:mossy_stone_brick_stairs":6,"irons_spellbooks:fireward_ring":1,"irons_spellbooks:frozen_bone":1,"minecraft:stripped_acacia_wood":5,"minecraft:fermented_spider_eye":7,"minecraft:acacia_stairs":1,"minecraft:mossy_cobblestone":8,"minecraft:light_gray_concrete":69,"minecraft:blue_terracotta":9,"minecraft:yellow_carpet":1,"minecraft:diamond":15,"comforts:sleeping_bag_blue":1,"minecraft:lever":2,"minecraft:granite":3,"sophisticatedbackpacks:feeding_upgrade":1,"minecraft:emerald":2,"minecraft:chainmail_helmet":1,"minecraft:bread":59,"alexsmobs:maggot":2,"minecraft:oak_sapling":1,"minecraft:diamond_pickaxe":1,"nethersdelight:hoglin_loin":87,"minecraft:mud":4,"minecraft:coarse_dirt":5,"minecraft:crafting_table":27,"minecraft:allium":6,"minecraft:purple_wool":4,"minecraft:splash_potion":1,"irons_spellbooks:tarnished_helmet":1,"minecraft:redstone_lamp":2,"minecraft:leather_leggings":1,"ironjetpacks:strap":1,"minecraft:diamond_horse_armor":1,"biomesoplenty:huge_lily_pad":1,"minecraft:shield":5,"minecraft:iron_axe":4,"minecraft:iron_shovel":1,"minecraft:blue_orchid":6,"minecraft:cracked_stone_bricks":39,"minecraft:beef":31,"minecraft:light_gray_wool":5,"minecraft:iron_nugget":6,"minecraft:spruce_slab":3,"minecraft:chest":3,"minecraft:birch_sapling":10,"minecraft:piston":2,"minecraft:spruce_trapdoor":2,"minecraft:phantom_membrane":1,"supernatural:gothic_template":1,"minecraft:raw_iron":75,"sophisticatedbackpacks:backpack":4,"minecraft:carrot":1,"supernatural:animal_blood":3,"minecraft:redstone":75,"ironjetpacks:jetpack":2,"minecraft:arrow":157,"minecraft:diamond_chestplate":1,"minecraft:cooked_cod":4,"ribbits:swamp_lantern":1,"minecraft:hay_block":4,"crittersandcompanions:silk":19,"minecraft:saddle":1,"minecraft:gold_ingot":12,"minecraft:mutton":32,"supernatural:ectoplasm":1,"minecraft:white_wool":23,"minecraft:lime_bed":3,"minecraft:glow_ink_sac":11,"rftoolspower:coalgenerator":10,"minecraft:leather":37,"minecraft:red_mushroom":2,"minecraft:birch_planks":74,"supernatural:angel_statue":1,"minecraft:oak_log":22,"minecraft:yellow_bed":7,"minecraft:gunpowder":3,"minecraft:cobblestone_stairs":1,"minecraft:wooden_hoe":2,"minecraft:blue_bed":1,"nethersdelight:iron_machete":3,"minecraft:cooked_mutton":6,"minecraft:apple":8,"minecraft:stone_bricks":43,"minecraft:rabbit_hide":1,"minecraft:iron_ingot":27,"minecraft:stone_pickaxe":4,"minecraft:iron_sword":3,"minecraft:purple_concrete":3,"minecraft:scaffolding":18,"minecraft:pumpkin":1,"minecraft:sweet_berries":5,"minecraft:chiseled_stone_bricks":10,"minecraft:dandelion":1,"minecraft:gravel":7,"minecraft:spruce_log":11,"minecraft:spider_eye":7,"alexsmobs:raw_catfish":1,"minecraft:slime_ball":10,"minecraft:mossy_cobblestone_stairs":2,"minecraft:baked_potato":5,"minecraft:coal":572}},"DataVersion":3465}